date,views,unique_visitors,clones,unique_cloners,stars,forks,watchers,open_issues,release_downloads_total
2026-07-03,0,0,0,0,,,,,
2026-07-04,0,0,0,0,,,,,
2026-07-05,0,0,0,0,,,,,
2026-07-06,0,0,0,0,,,,,
2026-07-07,0,0,0,0,,,,,
2026-07-08,0,0,0,0,,,,,
2026-07-09,0,0,0,0,,,,,
2026-07-10,0,0,0,0,,,,,
2026-07-11,0,0,0,0,,,,,
2026-07-12,0,0,0,0,,,,,
2026-07-13,0,0,0,0,,,,,
2026-07-14,0,0,0,0,,,,,
2026-07-15,0,0,0,0,,,,,
2026-07-16,25,2,39,27,0,0,0,0,10
2026-07-17,0,0,11,7,0,0,0,0,16
2026-07-18,,,,,0,0,0,0,17
